Job ID,Job URL,Job Title,Company Name,Status,Timestamp,WP ID
e5140445deacc87a,https://www.linkedin.com/jobs/view/project-manager-environmental-monitoring-sensor-networks-at-iqair-first-in-air-quality-4433557236,Project Manager (Environmental Monitoring & Sensor Networks),IQAir: First in Air Quality,posted,2026-07-07T02:25:35.847765,21
a3a9faadea728c70,https://www.linkedin.com/jobs/view/solar-engineer-4435404272,Solar Engineer,Inovar4,posted,2026-07-07T02:25:42.897687,23
a68a72ad73c26062,https://www.linkedin.com/jobs/view/solar-pv-technical-support-engineer-at-inovar4-lda-4436046716,Solar PV Technical Support Engineer,Inovar4 Lda,posted,2026-07-07T02:26:15.479928,25
bea57b77cd47eea6,https://www.linkedin.com/jobs/view/achieve-timor-leste-maternal-neonatal-and-child-health-advisor-at-palladium-make-it-possible-4386543684,"ACHIEVE Timor Leste: Maternal, Neonatal, and Child Health Advisor",,scraped,2026-07-07T02:26:18.063861,
6572f590aca6c72b,https://www.linkedin.com/jobs/view/country-engagement-lead-data-fi-national-applicants-only-at-palladium-make-it-possible-4418174149,"Country Engagement Lead, Data.FI (National Applicants Only)",,scraped,2026-07-07T02:27:35.049883,
cc708d48045736bc,https://www.linkedin.com/jobs/view/international-intern-for-digital-transformation-assistant-and-coordination-at-undp-careers-4437188734,International Intern for Digital Transformation Assistant and Coordination,UNDP Careers,posted,2026-07-07T02:28:03.221492,27
374db6ef43cbe02d,https://www.linkedin.com/jobs/view/nutanix-engineer-networking-it-support-engineer-timor-leste-at-itproposal-4437197780,Nutanix Engineer / Networking IT Support Engineer - Timor-Leste,,scraped,2026-07-07T02:28:05.886269,
1f658be85d7b15f4,https://www.linkedin.com/jobs/view/project-coordinator-software-development-at-pls-4436494837,Project Coordinator (Software Development),PLS,posted,2026-07-07T12:17:53.701519,29
c87f85b80c0c74b8,https://www.linkedin.com/jobs/view/engineering-manager-software-engineering-at-frontline-data-solutions-4435324302,"Engineering Manager, Software Engineering",Frontline Data Solutions,posted,2026-07-07T12:18:08.908032,31
f2fb1c49e008e0dd,https://www.linkedin.com/jobs/view/information-communication-technology-coordinator-timor-leste-at-dt-global-4437729078,"Information Communication & Technology Coordinator, Timor-Leste",DT Global,posted,2026-07-07T12:18:20.972845,33
5074cb2155c06334,https://www.linkedin.com/jobs/view/national-post-finance-associate-g-7-dili-timor-leste-at-international-civil-aviation-organization-4438159504,"NATIONAL POST: Finance Associate, G-7, Dili, Timor-Leste",,scraped,2026-07-08T07:18:11.797628,
1db7d80dc0e74228,https://www.linkedin.com/jobs/view/national-post-programme-analyst-srhr-nob-dili-timor-leste-at-international-civil-aviation-organization-4438146986,"NATIONAL POST: Programme Analyst, SRHR, NOB, Dili, Timor-Leste",International Civil Aviation Organization,posted,2026-07-08T07:18:37.860057,45
b2c5703d9167e9bf,https://www.linkedin.com/jobs/view/consultant-for-the-revision-of-water-safety-plans-manual-in-timor-leste-dili-wash-6-months-office-based-with-travel-%23594318-at-unicef-4438197540,Consultant for the revision of Water Safety Plans manual in Timor-Leste. Dili. WASH. 6 Months. Office Based (With Travel)#594318,UNICEF,posted,2026-07-08T13:21:15.752798,47
d594aab420caa3d8,https://www.linkedin.com/jobs/view/international-intern-for-digital-transformation-assistant-and-coordination-at-international-civil-aviation-organization-4438161449,International Intern for Digital Transformation Assistant and Coordination,,scraped,2026-07-08T18:57:05.660665,
7c4f06d713a66687,https://www.linkedin.com/jobs/view/national-post-partnerships-resource-mobilization-and-advocacy-analyst-nob-dili-timor-leste-at-international-civil-aviation-organization-4438276747,"NATIONAL POST: Partnerships, Resource Mobilization and Advocacy Analyst, NOB, Dili, Timor Leste",,scraped,2026-07-08T23:44:30.200107,
7c021962694e6076,https://www.linkedin.com/jobs/view/senior-non-key-expert-vat-integrated-tax-administration-system-itas-%E2%80%93-operational-readiness-review-at-dai-4438591490,Senior Non-Key Expert - VAT Integrated Tax Administration System (ITAS) – Operational Readiness Review,DAI,posted,2026-07-09T11:26:12.656266,49
ef14cfaa6d6f2505,https://www.linkedin.com/jobs/view/international-consultant-analyses-et-cartographie-des-vbg-en-milieu-scolaire-office-based-with-travel-at-unicef-4438681223,International Consultant Analyses et cartographie des VBG en milieu scolaire (office based with travel),UNICEF,posted,2026-07-09T18:27:58.469434,51
7dd94b4ae8fda92e,https://www.linkedin.com/jobs/view/administrative-assistant-at-association-management-concepts-4437947934,Administrative Assistant,Association Management Concepts,posted,2026-07-10T11:25:07.762618,53
d4ee4370713271cb,https://www.linkedin.com/jobs/view/program-quality-operation-assistant-at-world-vision-4438870534,Program Quality & Operation Assistant,,scraped,2026-07-10T11:25:18.320083,
0a09a9df4c69b5c3,https://www.linkedin.com/jobs/view/project-coordinator-brass-phase-iii-at-world-vision-4438864742,Project Coordinator-BRASS Phase III,,scraped,2026-07-10T11:25:26.774198,
0b7701ce4fbdc973,https://www.linkedin.com/jobs/view/performance-tool-1000%2B-lumens-rechargeable-underhood-led-work-light-at-home-builders-center-inc-4437978074,Performance Tool 1000+ Lumens Rechargeable Underhood LED Work Light,Home Builders Center Inc,posted,2026-07-10T23:33:38.130590,55
0aabf83b35d420f3,https://www.linkedin.com/jobs/view/milwaukee-led-rechargeable-pivoting-task-light-with-spot-mode-at-home-builders-center-inc-4437979071,Milwaukee LED Rechargeable Pivoting Task Light with Spot Mode,Home Builders Center Inc,posted,2026-07-10T23:33:46.158071,57
d5622fdeea1cd970,https://www.linkedin.com/jobs/view/powersmith-7000-lm-led-work-light-at-home-builders-center-inc-4437978089,PowerSmith 7000 Lm. LED Work Light,Home Builders Center Inc,posted,2026-07-10T23:34:11.704020,59
06b6ab3f5b01bbaa,https://www.linkedin.com/jobs/view/feit-electric-500-lm-led-rechargeable-handheld-work-light-at-home-builders-center-inc-4437968682,Feit Electric 500 Lm. LED Rechargeable Handheld Work Light,Home Builders Center Inc,posted,2026-07-10T23:34:20.145773,61
d5389d5a42e7ca3b,https://www.linkedin.com/jobs/view/master-electrician-10000-lumens-6-ft-cord-led-tripod-work-light-at-home-builders-center-inc-4437973573,Master Electrician 10000 Lumens 6 Ft. Cord LED Tripod Work Light,Home Builders Center Inc,posted,2026-07-10T23:34:28.019573,63
316ca2fcd177a506,https://www.linkedin.com/jobs/view/master-electrician-25-ft-100w-14-3-yellow-utility-trouble-light-at-home-builders-center-inc-4437970629,Master Electrician 25 Ft. 100W 14/3 Yellow Utility Trouble Light,Home Builders Center Inc,posted,2026-07-10T23:34:35.703641,65
a9bc6061ae7939e5,https://www.linkedin.com/jobs/view/master-electrician-1000w-work-light-with-telescoping-tri-pod-stand-at-home-builders-center-inc-4437955913,Master Electrician 1000W Work Light With Telescoping Tri Pod Stand,Home Builders Center Inc,posted,2026-07-10T23:34:44.261886,67
a80834865a89057e,https://www.linkedin.com/jobs/view/master-electrician-6-ft-75w-18-2-deluxe-incandescent-trouble-work-light-at-home-builders-center-inc-4437972605,Master Electrician 6 Ft. 75W 18/2 Deluxe Incandescent Trouble Work Light,Home Builders Center Inc,posted,2026-07-10T23:34:57.150002,69
08afc8041c418aa5,https://www.linkedin.com/jobs/view/master-electrician-32w-18-3-3000-lumens-led-work-light-at-home-builders-center-inc-4437981006,Master Electrician 32W 18/3 3000 Lumens LED Work Light,Home Builders Center Inc,posted,2026-07-10T23:35:05.345696,71
ac6b91f8e6c82575,https://www.linkedin.com/jobs/view/master-electrician-52w-18-3-5000-lumens-led-work-light-at-home-builders-center-inc-4437961852,Master Electrician 52W 18/3 5000 Lumens LED Work Light,Home Builders Center Inc,posted,2026-07-10T23:35:14.894096,73
d2f65cec9181edd0,https://www.linkedin.com/jobs/view/litezall-200-lm-cob-led-compact-work-light-at-home-builders-center-inc-4437959971,LitezAll 200 Lm. COB LED Compact Work Light,Home Builders Center Inc,posted,2026-07-11T07:24:56.239376,75
9d5dbf6ca2289fb7,https://www.linkedin.com/jobs/view/powersmith-10-000-lm-led-work-light-at-home-builders-center-inc-4437955924,"PowerSmith 10,000 Lm. LED Work Light",Home Builders Center Inc,posted,2026-07-11T07:25:08.930783,77
8339c6886d30d827,https://www.linkedin.com/jobs/view/powersmith-14-000-lm-led-dual-head-work-light-at-home-builders-center-inc-4437962893,"PowerSmith 14,000 Lm. LED Dual Head Work Light",Home Builders Center Inc,posted,2026-07-11T07:25:18.550311,79
7d5db746dc53ec9c,https://www.linkedin.com/jobs/view/feit-electric-300-lm-led-mini-adjustable-handheld-work-light-2-pack-at-home-builders-center-inc-4437980040,Feit Electric 300 Lm. LED Mini Adjustable Handheld Work Light (2-Pack),Home Builders Center Inc,posted,2026-07-11T07:25:27.302842,81
45b35da92006995c,https://www.linkedin.com/jobs/view/powersmith-600-lm-foldable-inspection-light-at-home-builders-center-inc-4437973595,PowerSmith 600 Lm. Foldable Inspection Light,Home Builders Center Inc,posted,2026-07-11T07:25:38.740705,83
a111fcb1d59c261a,https://www.linkedin.com/jobs/view/channellock-24-000-lm-dual-head-tripod-work-light-with-ac-outlets-at-home-builders-center-inc-4437968684,"Channellock 24,000 Lm. Dual-Head Tripod Work Light With AC Outlets",Home Builders Center Inc,posted,2026-07-11T07:25:48.260079,85
f8878cd53f0ca3ce,https://www.linkedin.com/jobs/view/top-careers-that-are-safe-from-ai-at-unigo-4438385407,Top Careers That Are Safe From AI,Unigo,posted,2026-07-11T07:26:04.133652,87
3c3658e5411fba3d,https://www.linkedin.com/jobs/view/channellock-5500-lm-ac-1000-lm-dc-2-in-1-work-light-at-home-builders-center-inc-4437967758,Channellock 5500 Lm. AC/1000 Lm. DC 2-in-1 Work Light,Home Builders Center Inc,posted,2026-07-11T07:26:22.588506,89
8f7700a514cdd029,https://www.linkedin.com/jobs/view/channellock-65-in-heavy-duty-universal-tripod-at-home-builders-center-inc-4437965773,Channellock 65 In. Heavy-Duty Universal Tripod,Home Builders Center Inc,posted,2026-07-11T07:26:38.633759,91
39dc33f4fbafefb8,https://www.linkedin.com/jobs/view/master-electrician-64w-18-3-6000-lumens-led-dual-head-work-light-at-home-builders-center-inc-4437974538,Master Electrician 64W 18/3 6000 Lumens LED Dual-Head Work Light,Home Builders Center Inc,posted,2026-07-11T11:33:58.520003,93
59b1bdbd794b050b,https://www.linkedin.com/jobs/view/programme-and-policy-officer-evidence-and-reporting-at-world-food-programme-4440022194,Programme and Policy Officer (Evidence and Reporting),,scraped,2026-07-13T12:23:51.107359,
1b5bd0c35fe764b8,https://www.linkedin.com/jobs/view/emergency-preparedness-and-response-officer-at-world-food-programme-4440017449,Emergency Preparedness and Response Officer,,scraped,2026-07-13T12:24:00.137210,
de1bdcf963a8de4b,https://www.linkedin.com/jobs/view/administrative-assistant-at-bhs-12-month-at-baraboo-middle-school-4442522101,Administrative Assistant at BHS (12 Month),Baraboo Middle School,posted,2026-07-20T12:02:26.617314,95
acc485c92dab2692,https://www.linkedin.com/jobs/view/programme-assistant-social-protection-at-world-food-programme-4440911199,Programme Assistant (Social Protection),,scraped,2026-07-20T12:02:29.121948,
07812b1c1ff32dca,https://www.linkedin.com/jobs/view/administrative-assistant-at-comware-technical-services-at-uci-oc-alliance-4442472787,Administrative Assistant at Comware Technical Services,UCI-OC Alliance,posted,2026-07-20T12:02:41.228669,97
e326f9f97df10257,https://www.linkedin.com/jobs/view/community-development-officer-1-at-world-vision-4440894104,Community Development Officer-1,,scraped,2026-07-20T12:02:43.643069,
88a15d73972e5638,https://www.linkedin.com/jobs/view/accountant-at-pinnacle-accounting-business-advisory-4439810189,Accountant,Pinnacle Accounting & Business Advisory,posted,2026-07-20T12:02:55.055628,99
63945a5b07af97a1,https://www.linkedin.com/jobs/view/community-development-officer-2-at-world-vision-4440883708,Community Development Officer-2,,scraped,2026-07-20T12:02:57.444547,
c73ea78d170ce711,https://www.linkedin.com/jobs/view/arsitek-at-pt-suhurama-unip-lda-4439837604,Arsitek,PT SUHURAMA UNIP LDA,posted,2026-07-20T12:03:09.220687,101
b629dacc4a8f31ae,https://www.linkedin.com/jobs/view/community-development-officer-3-at-world-vision-4440896015,Community Development Officer-3,,scraped,2026-07-20T12:03:13.622398,
d278dcb9fe25271f,https://www.linkedin.com/jobs/view/inclusion-safeguarding-adviser-at-dt-global-4440668335,Inclusion & Safeguarding Adviser,DT Global,posted,2026-07-20T12:03:25.627978,103
de20cfc41114102a,https://www.linkedin.com/jobs/view/deputy-country-representative-timor-leste-at-the-asia-foundation-4441607573,"Deputy Country Representative, Timor-Leste",The Asia Foundation,posted,2026-07-20T12:03:33.475215,105
8f40a8f254194bbb,https://www.linkedin.com/jobs/view/health-financing-and-public-financial-management-advisor-national-applicants-only-timor-leste-at-palladium-make-it-possible-4441671811,"Health Financing and Public Financial Management Advisor (National Applicants Only, Timor Leste)",Palladium: Make It Possible,posted,2026-07-20T12:03:40.988864,107
887c8198c2913779,https://www.linkedin.com/jobs/view/jr-counsellor-at-seed-global-education-4442742255,Jr. Counsellor,,scraped,2026-07-27T13:26:24.262866,
96ea82ebfc5dc6c7,https://www.linkedin.com/jobs/view/dashboard-developer-at-pls-4442727676,Dashboard Developer,PLS,posted,2026-07-27T13:26:40.217617,109
9bce916bcff3ccb0,https://www.linkedin.com/jobs/view/creative-editor-at-lskr-4445643852,CREATIVE EDITOR,LSKR,posted,2026-07-27T13:26:48.335280,111
417b2458a0474758,https://www.linkedin.com/jobs/view/senior-consultant-technology-at-meksys-4442723885,Senior Consultant Technology,Meksys,posted,2026-07-27T13:26:56.567186,113
35db7c7ca8f3a15c,https://www.linkedin.com/jobs/view/data-analyst-at-odixcity-consulting-4444905026,Data Analyst,Odixcity Consulting,posted,2026-07-27T13:27:04.733610,115
34994b6619cbc696,https://www.linkedin.com/jobs/view/timekeeper-scorekeeper-at-canadian-beer-league-4444679563,Timekeeper/Scorekeeper,Canadian Beer League,posted,2026-07-27T13:27:13.125998,117
d5bad0729896ac0f,https://www.linkedin.com/jobs/view/qa-testing-client-support-for-saas-at-frontline-data-solutions-4442724940,QA Testing & Client Support for SaaS,Frontline Data Solutions,posted,2026-07-27T13:27:21.258675,119
56e4da27ea19cc41,https://www.linkedin.com/jobs/view/should-i-put-my-pronouns-on-my-resume%3F-ask-the-%E2%80%9Cqueer-career-coach%E2%80%9D-at-wsu-academic-success-and-career-center-4442986153,Should I Put My Pronouns on My Resume? Ask the “Queer Career Coach”,WSU Academic Success and Career Center,posted,2026-07-27T13:27:29.294027,121
f218be3762e50232,https://www.linkedin.com/jobs/view/react-next-js-front-end-developer-at-frontline-data-solutions-4442735404,React/Next.JS Front-End Developer,Frontline Data Solutions,posted,2026-07-27T13:27:37.305972,123
fb2c789a9d9879ee,https://www.linkedin.com/jobs/view/puestos-vacantes-consultor-a-inteligencia-artificial-sap-9835-at-seidor-4443828433,Puestos vacantes: Consultor/a Inteligencia Artificial SAP (9835),SEIDOR,posted,2026-07-27T13:27:51.123386,125
48e76d4182e23ae5,https://www.linkedin.com/jobs/view/administrative-assistant-student-affairs-and-guidance-at-archdiocese-of-philadelphia-secondary-schools-4440483755,ADMINISTRATIVE ASSISTANT STUDENT AFFAIRS AND GUIDANCE,Archdiocese of Philadelphia Secondary Schools,posted,2026-07-27T13:27:59.677963,127
9c6568605389fa48,https://www.linkedin.com/jobs/view/national-director-timor-leste-at-world-vision-4442731081,National Director Timor Leste,,scraped,2026-07-27T13:28:02.122497,
a010e68b414082f4,https://www.linkedin.com/jobs/view/un-women-head-of-office-timor-leste-dili-timor-leste-p4-fixed-term-appointment-at-un-women-4445901231,"UN Women: Head of Office - Timor-Leste, Dili, Timor-Leste, P4, Fixed-Term Appointment",UN Women,posted,2026-07-27T13:28:13.900370,129
43598b4fd7e8de59,https://www.linkedin.com/jobs/view/open-positions-at-simplicity-4447793527,Open positions,,scraped,2026-08-03T13:27:14.048122,
b051a293ddfe8909,https://www.linkedin.com/jobs/view/the-major-social-media-platforms-routed-is-why-can%E2%80%99t-they-do-the-same-to-the-extreme-right%3F-at-dcu-fujo-center-4447294699,"The Major Social Media Platforms Routed IS, Why Can’t They Do the Same to the Extreme Right?",,scraped,2026-08-03T13:27:21.393106,
4940f1db15b9b05a,https://www.linkedin.com/jobs/view/louane-emera-at-vma-4446842625,LOUANE EMERA,,scraped,2026-08-03T13:27:27.811355,
116421c8359d3aff,https://www.linkedin.com/jobs/view/two-sides-of-the-same-coin%3F-a-largescale-comparative-analysis-of-extreme-right-and-jihadi-online-text-s-at-dcu-fujo-center-4447502615,Two Sides of the Same Coin? A Largescale Comparative Analysis of Extreme Right and Jihadi Online Text(s),,scraped,2026-08-03T13:27:35.288214,
129780898d57ba03,https://www.linkedin.com/jobs/view/electrical-engineer-%E2%80%94-technical-operations-at-jungli-the-nomad-village-4447671057,Electrical Engineer — Technical Operations,Jungli the Nomad Village,posted,2026-08-03T13:27:49.027588,131
9d88cee465abaa8d,https://www.linkedin.com/jobs/view/sell-your-house-same-day-at-rochester-home-buyers-4448113082,Sell Your House Same Day,Rochester Home Buyers,posted,2026-08-03T13:27:58.700459,133
d5ae0af7f4b6ab5a,https://www.linkedin.com/jobs/view/sell-home-same-day-at-rochester-home-buyers-4448100327,Sell Home Same Day,Rochester Home Buyers,posted,2026-08-03T13:28:06.424840,135
2b24bb01db7e01aa,https://www.linkedin.com/jobs/view/sell-your-house-same-day-at-joliet-home-buyers-4448100802,Sell Your House Same Day,Joliet Home Buyers,posted,2026-08-03T13:28:10.883124,133
6a3897d4d8b6b17e,https://www.linkedin.com/jobs/view/sell-home-same-day-at-joliet-home-buyers-4448119488,Sell Home Same Day,Joliet Home Buyers,posted,2026-08-03T13:28:15.250712,135
314e4789cb6cbff2,https://www.linkedin.com/jobs/view/we-are-looking-for-you%21-at-kamuno-4449981616,We are looking for you!,Kamuno,posted,2026-08-10T06:55:35.390459,137
15f8b219acac4c65,https://www.linkedin.com/jobs/view/twicket-at-twitan-com-4449094638,Twicket,Twitan.com,posted,2026-08-10T06:55:43.401721,139
80b16a6e733e8d78,https://www.linkedin.com/jobs/view/facility-officer-at-the-heineken-company-4448705860,Facility Officer,The HEINEKEN Company,posted,2026-08-10T06:55:55.669200,141
a6d7902b5acbce31,https://www.linkedin.com/jobs/view/hat-tricks-at-cricketstudio-ai-4449465329,Hat-tricks,CricketStudio AI,posted,2026-08-10T06:56:05.243684,143
69ea703a8a7114c8,https://www.linkedin.com/jobs/view/elizabeth-grimes-mshm%E2%80%9921-at-international-students-at-the-o-neill-school-of-public-and-environmental-affairs-4449619465,"Elizabeth Grimes, MSHM’21",International Students at the O'Neill School of Public and Environmental Affairs,posted,2026-08-10T06:56:14.102939,145
c4e61d92146109a0,https://www.linkedin.com/jobs/view/conversation-starter-kit-at-yes-for-compassion-4449036709,Conversation Starter Kit,,scraped,2026-08-10T06:56:16.666200,
669ad9a51e8b84a2,https://www.linkedin.com/jobs/view/procurement-specialist-at-smec-an-sj-group-company-4448908850,Procurement Specialist,SMEC (an SJ Group company),posted,2026-08-10T06:56:32.439396,147
320d96b5359f4d86,https://www.linkedin.com/jobs/view/same-day-production-human-validated-this-is-what-agentic-agility-looks-like-at-jeffrey-stop-4448014464,Same Day. Production. Human-Validated. This Is What Agentic Agility Looks Like.,Jeffrey Stop,posted,2026-08-10T06:56:40.588188,149
957e25594ab5a585,https://www.linkedin.com/jobs/view/how-japan-s-interest-rate-decision-could-affect-australian-home-loans-at-wealth-within-institute-4451333542,How Japan's Interest Rate Decision Could Affect Australian Home Loans,,scraped,2026-08-10T06:56:43.127143,
fa74a3a5b06244a3,https://www.linkedin.com/jobs/view/administrative-assistant-at-association-management-concepts-4448957878,Administrative Assistant,Association Management Concepts,posted,2026-08-10T06:56:56.505144,53
00e1d4929305b4b0,https://www.linkedin.com/jobs/view/international-immunization-consultant-dili-timor-leste-office-based-6-months-open-for-international-candidates-only-ref%23594979-at-unicef-4450728802,"International Immunization consultant, Dili, Timor-Leste, Office based, 6 Months (Open for International Candidates Only), Ref#594979",UNICEF,posted,2026-08-10T06:57:04.627817,151
dd982a70f2a2922a,https://www.linkedin.com/jobs/view/international-intern-for-communication-at-undp-careers-4448744378,International Intern for Communication,UNDP Careers,posted,2026-08-10T06:57:12.965999,153
7879e75d17c41099,https://www.linkedin.com/jobs/view/international-consultant-cop-and-vac-office-based-with-travel-at-unicef-4450603076,International Consultant COP and VAC (office based with travel),UNICEF,posted,2026-08-10T06:57:21.579157,155
246adbd80e7324c9,https://www.linkedin.com/jobs/view/international-operations-business-development-officer-at-fesca-4453982634,International Operations & business development officer,FESCA,posted,2026-08-17T03:16:24.576126,157
d06fa3ee7d287c98,https://www.linkedin.com/jobs/view/un-women-communication-analyst-dili-timor-leste-npsa-9-at-un-women-4450088073,"UN Women: Communication Analyst, Dili, Timor-Leste, NPSA-9",UN Women,posted,2026-08-17T03:16:34.359507,159
ac3938c1ab158515,https://www.linkedin.com/jobs/view/deputy-country-representative-timor-leste-at-the-asia-foundation-4453935236,"Deputy Country Representative, Timor-Leste",The Asia Foundation,posted,2026-08-17T03:16:41.103108,105
7d6def2a61411ed4,https://www.linkedin.com/jobs/view/creative-editor-at-lskr-4451978425,CREATIVE EDITOR,LSKR,posted,2026-08-17T03:16:45.933768,111
75e01bba28c4004c,https://www.linkedin.com/jobs/view/project-coordinator-ancp-at-world-vision-4452473254,Project Coordinator-ANCP,,scraped,2026-08-17T03:16:48.442007,
20252554bfec0ad2,https://www.linkedin.com/jobs/view/accounting-assistant-at-perfecto-marketing-trading-lda-4453520653,Accounting Assistant,"Perfecto Marketing & Trading, LDA.",posted,2026-08-17T03:17:05.710377,161
0a28d5eb59f1d70f,https://www.linkedin.com/jobs/view/property-and-maintenance-administrative-assistant-at-niseko-tourism-4453585509,Property and Maintenance Administrative Assistant,,scraped,2026-08-17T03:17:10.033549,
42be010037ece7c2,https://www.linkedin.com/jobs/view/accountant-at-sme-careers-4454300625,Accountant,SME Careers,posted,2026-08-17T03:17:18.874986,99
c377144102919234,https://www.linkedin.com/jobs/view/paralegal-expert-at-sme-careers-4454089752,Paralegal Expert,SME Careers,posted,2026-08-17T03:17:26.800590,163
017b4d1731b2f97d,https://www.linkedin.com/jobs/view/public-health-expert-at-sme-careers-4454310387,Public Health Expert,SME Careers,posted,2026-08-17T03:17:34.454104,165
8f8b34d65a417723,https://www.linkedin.com/jobs/view/investment-and-banking-expert-at-sme-careers-4454099668,Investment and Banking Expert,SME Careers,posted,2026-08-17T03:17:42.266638,167
bdaaf9da493e7872,https://www.linkedin.com/jobs/view/copywriter-content-expert-at-sme-careers-4454091781,Copywriter & Content Expert,SME Careers,posted,2026-08-17T03:17:50.114365,169
5c93ba743f2b205b,https://www.linkedin.com/jobs/view/ruby-engineer-at-sme-careers-4454088760,Ruby Engineer,SME Careers,posted,2026-08-17T03:17:59.097014,171
109969d012f3b194,https://www.linkedin.com/jobs/view/intellectual-property-expert-at-sme-careers-4454097698,Intellectual Property Expert,SME Careers,posted,2026-08-17T03:18:07.405023,173
ab61a1ab207eda55,https://www.linkedin.com/jobs/view/biologist-at-sme-careers-4454305553,Biologist,SME Careers,posted,2026-08-17T03:18:15.274227,175
da77412e5ff869cb,https://www.linkedin.com/jobs/view/html-and-css-developer-at-sme-careers-4454301631,HTML and CSS Developer,SME Careers,posted,2026-08-17T03:18:22.827009,177
adfbfec1a3d4e429,https://www.linkedin.com/jobs/view/go-engineer-at-sme-careers-4454306550,Go Engineer,SME Careers,posted,2026-08-17T03:18:30.608594,179
91d7d506180e2a3e,https://www.linkedin.com/jobs/view/chemist-at-sme-careers-4454099650,Chemist,SME Careers,posted,2026-08-17T03:18:37.924483,181
205045bc7fb57bbb,https://www.linkedin.com/jobs/view/full-stack-engineer-node-js-and-react-at-sme-careers-4454300624,Full Stack Engineer (Node.js and React),SME Careers,posted,2026-08-17T03:18:45.561525,183
625c5031ee73facd,https://www.linkedin.com/jobs/view/seo-digital-marketing-expert-at-sme-careers-4454307530,SEO & Digital Marketing Expert,SME Careers,posted,2026-08-17T03:18:53.528848,185
b847e4232368265d,https://www.linkedin.com/jobs/view/scala-engineer-at-sme-careers-4454087797,Scala Engineer,SME Careers,posted,2026-08-17T03:19:01.166789,187
f48d8eed97fb638a,https://www.linkedin.com/jobs/view/c-engineer-at-sme-careers-4454089733,C Engineer,SME Careers,posted,2026-08-17T03:19:13.786362,189
bc646503f499fbdb,https://www.linkedin.com/jobs/view/mechanical-engineer-at-sme-careers-4454303556,Mechanical Engineer,SME Careers,posted,2026-08-17T03:19:21.384211,191
54d431c050450668,https://www.linkedin.com/jobs/view/medical-general-expert-at-sme-careers-4454095654,Medical General Expert,SME Careers,posted,2026-08-17T03:19:29.120038,193
848a253025d48adc,https://www.linkedin.com/jobs/view/chemical-engineer-at-sme-careers-4454092658,Chemical Engineer,SME Careers,posted,2026-08-17T03:19:37.122690,195
a42409a8c47809c6,https://www.linkedin.com/jobs/view/physicist-at-sme-careers-4454093663,Physicist,SME Careers,posted,2026-08-17T03:19:44.688264,197
137342bed75b9409,https://www.linkedin.com/jobs/view/civil-engineer-at-sme-careers-4454093680,Civil Engineer,SME Careers,posted,2026-08-17T03:19:52.329384,199
d9edddf49eaa2f32,https://www.linkedin.com/jobs/view/attorney-and-lawyer-at-sme-careers-4454099672,Attorney and Lawyer,SME Careers,posted,2026-08-17T03:19:59.836958,201
e635a0ed689f32b0,https://www.linkedin.com/jobs/view/nurse-at-sme-careers-4454308492,Nurse,SME Careers,posted,2026-08-17T03:20:08.073917,203
5b7158537ba60632,https://www.linkedin.com/jobs/view/nurse-practitioner-at-sme-careers-4454092656,Nurse Practitioner,SME Careers,posted,2026-08-17T03:20:16.144422,205
b3f81e42c7f6c870,https://www.linkedin.com/jobs/view/ports-and-shipping-specialist-at-ntu-international-a-s-4455344045,Ports and Shipping Specialist,,scraped,2026-08-24T03:27:34.537575,
ac66005a2dcdb073,https://www.linkedin.com/jobs/view/railways-specialist-at-ntu-international-a-s-4457081481,Railways Specialist,,scraped,2026-08-24T03:27:42.063614,
aab88505cb5fe376,https://www.linkedin.com/jobs/view/creative-editor-at-lskr-4455545594,CREATIVE EDITOR,LSKR,posted,2026-08-24T03:27:53.119003,111
0b5d5add3460dab6,https://www.linkedin.com/jobs/view/sales-specialist-at-lojami-4456626098,Sales Specialist,LojaMi,posted,2026-08-24T03:28:02.758301,207
f2e74d411086109f,https://www.linkedin.com/jobs/view/freecad-mechanical-cad-expert-ai-computer-use-trainer-at-sme-careers-4455753365,"FreeCAD / Mechanical CAD Expert, AI Computer-Use Trainer",SME Careers,posted,2026-08-24T03:28:12.056410,209
d71cfe33048649ba,https://www.linkedin.com/jobs/view/transport-experts-at-ntu-international-a-s-4461049938,Transport Experts,,scraped,2026-08-31T08:44:12.270987,
58de3675f2800c37,https://www.linkedin.com/jobs/view/aviation-specialist-at-ntu-international-a-s-4458740057,Aviation Specialist,,scraped,2026-08-31T08:44:19.683441,
7a67a1aa55d490a7,https://www.linkedin.com/jobs/view/quantity-engineer-4456869843,Quantity Engineer,"Wuri, Sub Consultan DASAN",posted,2026-08-31T08:44:33.485473,211
abe587bb4e7f5fac,https://www.linkedin.com/jobs/view/achieve-timor-leste-maternal-neonatal-and-child-health-advisor-at-palladium-make-it-possible-4458778816,"ACHIEVE Timor Leste: Maternal, Neonatal, and Child Health Advisor",Palladium: Make It Possible,posted,2026-08-31T08:44:41.215209,213
f609a75947998ba7,https://www.linkedin.com/jobs/view/junior-legal-trainee-at-united-nations-volunteers-asia-the-pacific-4458389186,Junior Legal Trainee,United Nations Volunteers - Asia & the Pacific,posted,2026-08-31T08:44:51.707553,215
570d9e1540c1960e,https://www.linkedin.com/jobs/view/server-at-rockaway-ocean-club-4461526725,Server,Rockaway Ocean Club,posted,2026-09-07T07:24:42.056686,217
e73e1af0ac512865,https://www.linkedin.com/jobs/view/administrative-officer-needed-at-wap-limited-at-the-lagos-voice-4464080698,Administrative Officer Needed at WAP Limited,,scraped,2026-09-07T07:24:46.705149,
3d44c9bc3b755e62,https://www.linkedin.com/jobs/view/sales-manager-fmcg-industry-placement-in-dili-timor-leste-at-medor-id-4462922884,"Sales Manager (FMCG Industry - Placement in Dili, Timor-Leste)",Medor.id,posted,2026-09-07T07:25:37.714042,219
8043814d4f42df12,https://www.linkedin.com/jobs/view/programme-specialist-population-dynamics-youth-at-united-nations-volunteers-4460978704,"Programme Specialist, Population Dynamics & Youth",,scraped,2026-09-07T07:25:40.230932,
f8771c046b179e4d,https://www.linkedin.com/jobs/view/market-research-expert-at-sme-careers-4454306587,Market Research Expert,SME Careers,posted,2026-09-07T07:25:53.521292,221
73f1d9cc75139dc9,https://www.linkedin.com/jobs/view/pr-communications-expert-at-sme-careers-4454307527,PR & Communications Expert,SME Careers,posted,2026-09-07T07:26:02.244952,223
0c02574bf6c6c850,https://www.linkedin.com/jobs/view/drafter-airside-airport-infrastructure-at-pt-waskita-karya-persero-tbk-4462921644,Drafter Airside Airport/ Infrastructure,,scraped,2026-09-07T07:26:04.726235,
bc0742ed0a6f8b34,https://www.linkedin.com/jobs/view/blender-specialist-at-sme-careers-4454091782,Blender Specialist,SME Careers,posted,2026-09-07T07:26:19.371056,225
db7bc6683a7523ed,https://www.linkedin.com/jobs/view/contract-review-expert-at-sme-careers-4454098610,Contract Review Expert,SME Careers,posted,2026-09-07T07:26:27.211241,227
a9babbdd61f242d4,https://www.linkedin.com/jobs/view/clinical-researcher-at-sme-careers-4454096676,Clinical Researcher,SME Careers,posted,2026-09-07T07:26:37.499588,229
5279b80927b432d4,https://www.linkedin.com/jobs/view/rust-engineer-at-sme-careers-4454087777,Rust Engineer,SME Careers,posted,2026-09-07T07:26:45.242246,231
07e061459f86a212,https://www.linkedin.com/jobs/view/tax-and-audit-expert-at-sme-careers-4454308486,Tax and Audit Expert,SME Careers,posted,2026-09-07T07:26:52.919944,233
5bb1718963a4b918,https://www.linkedin.com/jobs/view/javascript-engineer-at-sme-careers-4454089755,JavaScript Engineer,SME Careers,posted,2026-09-07T07:27:00.806755,235
dcee05e0d6937570,https://www.linkedin.com/jobs/view/pharmacist-at-sme-careers-4454308489,Pharmacist,SME Careers,posted,2026-09-07T07:27:08.555669,237
afec9b69e8dd2284,https://www.linkedin.com/jobs/view/sql-engineer-at-sme-careers-4454093679,SQL Engineer,SME Careers,posted,2026-09-07T07:27:16.546226,239
d55e13f25f90d282,https://www.linkedin.com/jobs/view/fintech-and-crypto-expert-at-sme-careers-4454099676,Fintech and Crypto Expert,SME Careers,posted,2026-09-07T07:27:24.764524,241
34541a92a07441cc,https://www.linkedin.com/jobs/view/swift-engineer-at-sme-careers-4454300656,Swift Engineer,SME Careers,posted,2026-09-07T07:27:32.996142,243
877cfb83baefae70,https://www.linkedin.com/jobs/view/legal-expert-at-sme-careers-4454089732,Legal Expert,SME Careers,posted,2026-09-07T07:27:41.139432,245
c17ec84d70d94260,https://www.linkedin.com/jobs/view/risk-management-expert-at-sme-careers-4454308524,Risk Management Expert,SME Careers,posted,2026-09-07T07:27:49.307311,247
c1636b38ce74f3fc,https://www.linkedin.com/jobs/view/biomedical-engineer-at-sme-careers-4454091783,Biomedical Engineer,SME Careers,posted,2026-09-07T07:27:59.379524,249
76511945cd28cd0f,https://www.linkedin.com/jobs/view/compliance-and-regulatory-expert-at-sme-careers-4454308491,Compliance and Regulatory Expert,SME Careers,posted,2026-09-07T07:28:07.496143,251
293eac17c0562004,https://www.linkedin.com/jobs/view/android-engineer-kotlin-and-java-at-sme-careers-4454310401,Android Engineer (Kotlin and Java),SME Careers,posted,2026-09-07T07:28:15.365840,253
5924e3673d43ec1b,https://www.linkedin.com/jobs/view/java-engineer-at-sme-careers-4454308488,Java Engineer,SME Careers,posted,2026-09-07T07:28:23.086475,255
8450ef0bd7591afb,https://www.linkedin.com/jobs/view/ios-engineer-swift-and-objective-c-at-sme-careers-4454092659,iOS Engineer (Swift and Objective-C),SME Careers,posted,2026-09-07T07:28:36.733322,257
ba6abbea7d736670,https://www.linkedin.com/jobs/view/asset-management-and-gis-specialist-at-smec-an-sj-group-company-4464956064,Asset Management and GIS Specialist,SMEC (an SJ Group company),posted,2026-09-14T07:58:23.260506,259
4ea0db1408c17503,https://www.linkedin.com/jobs/view/environment-management-consultant-at-smec-an-sj-group-company-4464956105,Environment Management Consultant,SMEC (an SJ Group company),posted,2026-09-14T07:58:34.725518,261
719772879fc269c6,https://www.linkedin.com/jobs/view/head-of-itp-department-at-ministry-of-health-4464165583,Head of ITP Department at Ministry of Health,"Ministry of Health, Timor Leste",posted,2026-09-14T07:58:41.206368,263
4f1def46f7efe7f3,https://www.linkedin.com/jobs/view/public-finance-management-expert-at-ntu-international-a-s-4467043693,Public Finance Management Expert,,scraped,2026-09-14T07:58:43.737107,
e8210e5012651c6e,https://www.linkedin.com/jobs/view/digitalization-expert-at-ntu-international-a-s-4466782534,Digitalization Expert,,scraped,2026-09-14T07:58:50.541251,
fa6711fe3fbd5e41,https://www.linkedin.com/jobs/view/malay-language-expert-at-sme-careers-4464342561,Malay Language Expert,SME Careers,posted,2026-09-14T07:59:03.985040,265
b85c51ccbad4dfce,https://www.linkedin.com/jobs/view/quality-engineer-at-smec-an-sj-group-company-4464939637,QUALITY ENGINEER,SMEC (an SJ Group company),posted,2026-09-14T07:59:15.139880,267
b752b7a08bc2fbcc,https://www.linkedin.com/jobs/view/customer-service-and-billing-specialist-at-smec-an-sj-group-company-4464939588,Customer Service and Billing Specialist,SMEC (an SJ Group company),posted,2026-09-14T07:59:26.060937,269
e5c23f526219d46d,https://www.linkedin.com/jobs/view/senior-structural-engineer-at-smec-an-sj-group-company-4464949363,Senior Structural Engineer,SMEC (an SJ Group company),posted,2026-09-14T07:59:37.193223,271
499abe962e05d048,https://www.linkedin.com/jobs/view/readvertisement-national-post-finance-associate-g-7-dili-timor-leste-at-international-civil-aviation-organization-4469597248,"Readvertisement - NATIONAL POST: Finance Associate, G-7, Dili, Timor-Leste",,scraped,2026-09-21T08:02:36.744045,
a328b7163e554167,https://www.linkedin.com/jobs/view/operations-and-maintenance-project-manager-4465727099,Operations and Maintenance Project Manager,SMEC,posted,2026-09-21T08:02:50.543075,273
254c377f8b941d5f,https://www.linkedin.com/jobs/view/sustainable-infrastructure-development-expert-at-ntu-international-a-s-4467267827,Sustainable Infrastructure Development Expert,,scraped,2026-09-21T08:02:53.083909,
c7dd89a84c6ff47b,https://www.linkedin.com/jobs/view/trade-business-climate-at-ntu-international-a-s-4467055909,Trade & Business Climate,,scraped,2026-09-21T08:03:02.678675,
182dde332d22336e,https://www.linkedin.com/jobs/view/international-individual-consultant-for-national-introduction-plan-for-implanon-nxt-at-international-civil-aviation-organization-4469852082,International Individual Consultant for National Introduction Plan for Implanon NXT,,scraped,2026-09-21T08:03:09.939325,
92451d4f479b8d8a,https://www.linkedin.com/jobs/view/rule-of-law-expert-at-ntu-international-a-s-4467080750,Rule of Law Expert,,scraped,2026-09-21T08:03:16.012936,
fe2545541fa0f7ca,https://www.linkedin.com/jobs/view/foundry-supply-chain-procurement-engineer-at-touchdown-labs-4472745984,Foundry Supply-Chain & Procurement Engineer,Touchdown Labs,posted,2026-09-28T22:34:14.309827,275
341cacb36f3422e0,https://www.linkedin.com/jobs/view/operations-assistant-at-asian-development-bank-adb-4471872275,Operations Assistant,Asian Development Bank (ADB),posted,2026-09-28T22:34:34.697614,277
de996d1670b0365f,https://www.linkedin.com/jobs/view/blender-specialist-at-sme-careers-4472442710,Blender Specialist,SME Careers,posted,2026-09-28T22:34:40.688468,225
5c35c62f67d6a635,https://www.linkedin.com/jobs/view/cs-front-office-staff-at-techconnect-4470448109,CS & Front Office Staff,,scraped,2026-09-28T22:34:43.252655,
474d177b7f085d23,https://www.linkedin.com/jobs/view/mathematics-specialist-at-sme-careers-4472467911,Mathematics Specialist,SME Careers,posted,2026-09-28T22:35:02.915338,279
096d511034ea254a,https://www.linkedin.com/jobs/view/program-and-finance-associate-at-united-nations-volunteers-asia-the-pacific-4470097246,Program and Finance Associate,United Nations Volunteers - Asia & the Pacific,posted,2026-09-28T22:35:20.676664,281
e08b395dd17b1d78,https://www.linkedin.com/jobs/view/field-coordinator-at-united-nations-volunteers-asia-the-pacific-4470087319,Field Coordinator,United Nations Volunteers - Asia & the Pacific,posted,2026-09-28T22:35:38.290488,283
b85b424529cb17e1,https://www.linkedin.com/jobs/view/ruby-engineer-at-sme-careers-4472449515,Ruby Engineer,SME Careers,posted,2026-09-28T22:35:44.548490,171
6df280b29b1aa3a3,https://www.linkedin.com/jobs/view/biologist-at-sme-careers-4472487046,Biologist,SME Careers,posted,2026-09-28T22:35:50.954027,175
2dbe987405b926ae,https://www.linkedin.com/jobs/view/pharmacist-at-sme-careers-4472471742,Pharmacist,SME Careers,posted,2026-09-28T22:35:56.939680,237
acc2505ab938295f,https://www.linkedin.com/jobs/view/legal-advisor-4471578162,Legal Advisor,Instituto Politecnico de Timor-Leste,posted,2026-09-29T21:25:34.010010,285
a65b94ca5e1da7a8,https://www.linkedin.com/jobs/view/tax-and-audit-expert-at-sme-careers-4473055778,Tax and Audit Expert,SME Careers,posted,2026-09-29T21:25:53.352239,233
9cd41aa759486583,https://www.linkedin.com/jobs/view/operations-finance-coordinator-pacific-at-palladium-make-it-possible-4472100652,Operations & Finance Coordinator (Pacific),Palladium: Make It Possible,failed|wp_post_failed,2026-09-30T21:27:11.419326,
558989efb2cec8bf,https://www.linkedin.com/jobs/view/mandarin-speaking-civil-engineer-precast-prefab-%E2%80%93-commercial-warehouse-projects-at-east-timor-trading-group-4473707468,Mandarin-Speaking Civil Engineer (Precast / Prefab) – Commercial & Warehouse Projects,East Timor Trading Group,failed|wp_post_failed,2026-09-30T21:27:27.641024,
f267c037a9ea8093,https://www.linkedin.com/jobs/view/business-development-lead-at-catalpa-international-4473995812,Business Development Lead,,scraped,2026-10-01T21:51:10.053363,
6e79b938866d5726,https://www.linkedin.com/jobs/view/civil-engineer-at-sme-careers-4472476652,Civil Engineer,SME Careers,posted,2026-10-01T21:51:29.244918,199
a223b9b017dee09f,https://www.linkedin.com/jobs/view/national-consultant-for-gender-climate-risk-and-early-warning-capacity-building-at-un-environment-programme-4473851144,"NATIONAL CONSULTANT FOR GENDER, CLIMATE RISK AND EARLY WARNING CAPACITY BUILDING",,scraped,2026-10-03T19:57:11.124117,
02e660484f2e276c,https://www.linkedin.com/jobs/view/we-are-hiring-odoo-implementation-consultant-at-fintech-balance-horizon-llp-4473446697,We are hiring Odoo Implementation Consultant,,scraped,2026-10-03T19:57:19.351556,
